title,cluster,rating
Toy Story (1995),1,3.9209302325581397
Jumanji (1995),1,3.4318181818181817
Grumpier Old Men (1995),1,3.2596153846153846
Father of the Bride Part II (1995),1,3.0714285714285716
Heat (1995),1,3.946078431372549
Sabrina (1995),1,3.185185185185185
Sudden Death (1995),1,3.125
GoldenEye (1995),1,3.496212121212121
"American President, The (1995)",1,3.6714285714285713
Nixon (1995),1,3.8333333333333335
Casino (1995),1,3.926829268292683
Sense and Sensibility (1995),1,3.7761194029850746
Four Rooms (1995),1,3.7
Get Shorty (1995),1,3.49438202247191
Copycat (1995),1,3.2222222222222223
Assassins (1995),1,3.125
Powder (1995),1,3.125
Leaving Las Vegas (1995),1,3.625
Othello (1995),1,3.5
Persuasion (1995),1,4.2272727272727275
"City of Lost Children, The (Cité des enfants perdus, La) (1995)",1,4.0131578947368425
Dangerous Minds (1995),1,3.1842105263157894
Twelve Monkeys (a.k.a. 12 Monkeys) (1995),1,3.983050847457627
Babe (1995),1,3.65234375
Dead Man Walking (1995),1,3.8358208955223883
Clueless (1995),1,3.293269230769231
Richard III (1995),1,3.7
To Die For (1995),1,3.3125
How to Make an American Quilt (1995),1,3.066666666666667
Seven (a.k.a. Se7en) (1995),1,3.9753694581280787
Pocahontas (1995),1,3.1470588235294117
"Usual Suspects, The (1995)",1,4.237745098039215
Mighty Aphrodite (1995),1,3.4642857142857144
"Postman, The (Postino, Il) (1994)",1,4.027027027027027
"Indian in the Cupboard, The (1995)",1,3.235294117647059
Mr. Holland's Opus (1995),1,3.70625
Friday (1995),1,3.775
From Dusk Till Dawn (1996),1,3.5090909090909093
"Misérables, Les (1995)",1,3.4615384615384617
Screamers (1995),1,3.4
Things to Do in Denver When You're Dead (1995),1,3.107142857142857
White Squall (1996),1,3.966666666666667
Black Sheep (1996),1,3.15625
Nick of Time (1995),1,3.25
Beautiful Girls (1996),1,3.95
Broken Arrow (1996),1,3.0238095238095237
"Hate (Haine, La) (1995)",1,3.9
Bottle Rocket (1996),1,3.782608695652174
Happy Gilmore (1996),1,3.4393939393939394
"Bridges of Madison County, The (1995)",1,3.282608695652174
Muppet Treasure Island (1996),1,3.326923076923077
Braveheart (1995),1,4.031645569620253
Taxi Driver (1976),1,4.105769230769231
Rumble in the Bronx (Hont faan kui) (1995),1,3.5434782608695654
Flirting With Disaster (1996),1,3.5833333333333335
Up Close and Personal (1996),1,3.5
"Birdcage, The (1996)",1,3.494186046511628
"Brothers McMullen, The (1995)",1,3.3333333333333335
Bad Boys (1995),1,3.2450980392156863
"Basketball Diaries, The (1995)",1,3.466666666666667
Apollo 13 (1995),1,3.845771144278607
Rob Roy (1995),1,3.5454545454545454
Beauty of the Day (Belle de jour) (1967),1,3.875
Crimson Tide (1995),1,3.6359223300970873
Crumb (1994),1,4.205882352941177
Desperado (1995),1,3.5606060606060606
Devil in a Blue Dress (1995),1,3.3214285714285716
Die Hard: With a Vengeance (1995),1,3.5555555555555554
First Knight (1995),1,3.0833333333333335
Hackers (1995),1,3.2285714285714286
Kids (1995),1,3.975
Living in Oblivion (1995),1,4.3076923076923075
Mallrats (1995),1,3.4027777777777777
"Net, The (1995)",1,3.0401785714285716
"Prophecy, The (1995)",1,3.4583333333333335
Smoke (1995),1,3.6666666666666665
Something to Talk About (1995),1,3.1
Strange Days (1995),1,3.25
"To Wong Foo, Thanks for Everything! Julie Newmar (1995)",1,3.4318181818181817
"Walk in the Clouds, A (1995)",1,3.4285714285714284
Before Sunrise (1995),1,4.041666666666667
Billy Madison (1995),1,3.326530612244898
Boys on the Side (1995),1,3.4285714285714284
Circle of Friends (1995),1,3.75
Clerks (1994),1,3.855769230769231
Don Juan DeMarco (1995),1,3.6125
Disclosure (1994),1,3.5384615384615383
Dolores Claiborne (1995),1,3.3958333333333335
Dumb & Dumber (Dumb and Dumber) (1994),1,3.0601503759398496
Eat Drink Man Woman (Yin shi nan nu) (1994),1,3.892857142857143
Exotica (1994),1,3.5
Ed Wood (1994),1,3.6785714285714284
French Kiss (1995),1,3.477777777777778
Forget Paris (1995),1,3.340909090909091
Hoop Dreams (1994),1,4.293103448275862
Heavenly Creatures (1994),1,3.9285714285714284
Houseguest (1994),1,3.176470588235294
Immortal Beloved (1994),1,3.7222222222222223
I.Q. (1994),1,3.453488372093023
Interview with the Vampire: The Vampire Chronicles (1994),1,3.458715596330275
Just Cause (1995),1,3.5
Star Wars: Episode IV - A New Hope (1977),1,4.231075697211155
Little Women (1994),1,3.880952380952381
"Little Princess, A (1995)",1,3.9047619047619047
Like Water for Chocolate (Como agua para chocolate) (1992),1,3.9393939393939394
Legends of the Fall (1994),1,3.3970588235294117
"Madness of King George, The (1994)",1,3.7580645161290325
Milk Money (1994),1,3.25
Miracle on 34th Street (1994),1,3.223684210526316
Murder in the First (1995),1,4.076923076923077
Nobody's Fool (1994),1,3.7857142857142856
Nell (1994),1,3.3375
Natural Born Killers (1994),1,3.233695652173913
Once Were Warriors (1994),1,4.035714285714286
Outbreak (1995),1,3.4257425742574257
Léon: The Professional (a.k.a. The Professional) (Léon) (1994),1,4.018796992481203
Pulp Fiction (1994),1,4.197068403908795
Quiz Show (1994),1,3.5185185185185186
Three Colors: Red (Trois couleurs: Rouge) (1994),1,4.21875
Three Colors: Blue (Trois couleurs: Bleu) (1993),1,3.8958333333333335
Three Colors: White (Trzy kolory: Bialy) (1994),1,4.025
"Secret of Roan Inish, The (1994)",1,3.75
"Specialist, The (1994)",1,3.0789473684210527
Stargate (1994),1,3.375
"Santa Clause, The (1994)",1,3.2037037037037037
"Shawshank Redemption, The (1994)",1,4.429022082018927
Shallow Grave (1994),1,3.6
Swimming with Sharks (1995),1,3.55
Tales from the Crypt Presents: Demon Knight (1995),1,3.15
Star Trek: Generations (1994),1,3.3935185185185186
Tommy Boy (1995),1,3.78
What's Eating Gilbert Grape (1993),1,3.7662337662337664
While You Were Sleeping (1995),1,3.4693877551020407
Muriel's Wedding (1994),1,3.272727272727273
Ace Ventura: Pet Detective (1994),1,3.040372670807453
"Adventures of Priscilla, Queen of the Desert, The (1994)",1,3.5972222222222223
Bullets Over Broadway (1994),1,3.5833333333333335
Clear and Present Danger (1994),1,3.6045454545454545
"Client, The (1994)",1,3.3859649122807016
"Corrina, Corrina (1994)",1,3.176470588235294
"Crow, The (1994)",1,3.609375
Forrest Gump (1994),1,4.164133738601824
Four Weddings and a Funeral (1994),1,3.5194174757281553
It Could Happen to You (1994),1,3.0588235294117645
"Jungle Book, The (1994)",1,3.5294117647058822
"Lion King, The (1994)",1,3.941860465116279
"Mask, The (1994)",1,3.1847133757961785
Maverick (1994),1,3.5
Naked Gun 33 1/3: The Final Insult (1994),1,3.060344827586207
"Paper, The (1994)",1,3.3095238095238093
Red Rock West (1992),1,3.6363636363636362
"River Wild, The (1994)",1,3.25
Speed (1994),1,3.5292397660818713
True Lies (1994),1,3.497191011235955
When a Man Loves a Woman (1994),1,3.8181818181818183
Wolf (1994),1,3.15625
Wyatt Earp (1994),1,3.0952380952380953
Addams Family Values (1993),1,3.1011904761904763
"Age of Innocence, The (1993)",1,3.5
Barcelona (1994),1,3.6923076923076925
Black Beauty (1994),1,3.2083333333333335
"Bronx Tale, A (1993)",1,3.7222222222222223
Carlito's Way (1993),1,3.738095238095238
Cliffhanger (1993),1,3.0346534653465347
Dave (1993),1,3.5460526315789473
Dazed and Confused (1993),1,3.9285714285714284
Demolition Man (1993),1,3.0925925925925926
"Firm, The (1993)",1,3.5346534653465347
"Fugitive, The (1993)",1,3.9921052631578946
"Englishman Who Went Up a Hill But Came Down a Mountain, The (1995)",1,3.2045454545454546
"Hudsucker Proxy, The (1994)",1,3.55
In the Line of Fire (1993),1,3.692857142857143
In the Name of the Father (1993),1,4.3
What's Love Got to Do with It? (1993),1,3.3823529411764706
Jurassic Park (1993),1,3.75
Kalifornia (1993),1,3.1578947368421053
"Man Without a Face, The (1993)",1,3.2941176470588234
Manhattan Murder Mystery (1993),1,3.75
Menace II Society (1993),1,3.6666666666666665
Executive Decision (1996),1,3.3780487804878048
Much Ado About Nothing (1993),1,3.813953488372093
Mrs. Doubtfire (1993),1,3.388888888888889
"Perfect World, A (1993)",1,3.3846153846153846
Philadelphia (1993),1,3.6136363636363638
"Piano, The (1993)",1,3.540983606557377
"Ref, The (1994)",1,3.4166666666666665
"Remains of the Day, The (1993)",1,3.6041666666666665
Renaissance Man (1994),1,3.0555555555555554
Robin Hood: Men in Tights (1993),1,3.130434782608696
Rudy (1993),1,3.485294117647059
Schindler's List (1993),1,4.225
Searching for Bobby Fischer (1993),1,3.875
"Secret Garden, The (1993)",1,3.25
Shadowlands (1993),1,3.607142857142857
Short Cuts (1993),1,3.2666666666666666
Sirens (1994),1,3.1666666666666665
Six Degrees of Separation (1993),1,3.5833333333333335
Sleepless in Seattle (1993),1,3.4716981132075473
Blade Runner (1982),1,4.100806451612903
So I Married an Axe Murderer (1993),1,3.317073170731707
"Nightmare Before Christmas, The (1993)",1,3.553763440860215
"Three Musketeers, The (1993)",1,3.262295081967213
Tombstone (1993),1,3.8153846153846156
True Romance (1993),1,3.8
Welcome to the Dollhouse (1995),1,3.5434782608695654
Ghost (1990),1,3.4347826086956523
Aladdin (1992),1,3.7923497267759565
Terminator 2: Judgment Day (1991),1,3.970982142857143
Dances with Wolves (1990),1,3.8353658536585367
Batman (1989),1,3.4285714285714284
"Silence of the Lambs, The (1991)",1,4.161290322580645
Snow White and the Seven Dwarfs (1937),1,3.616883116883117
Beauty and the Beast (1991),1,3.7705479452054793
Pinocchio (1940),1,3.45
Pretty Woman (1990),1,3.4851851851851854
"Wild Bunch, The (1969)",1,3.8181818181818183
Fargo (1996),1,4.116022099447513
Homeward Bound II: Lost in San Francisco (1996),1,3.5714285714285716
Heavy Metal (1981),1,3.5454545454545454
"Aristocats, The (1970)",1,3.411111111111111
Primal Fear (1996),1,3.642857142857143
All Dogs Go to Heaven 2 (1996),1,3.1818181818181817
Sgt. Bilko (1996),1,3.0454545454545454
Courage Under Fire (1996),1,3.3275862068965516
Mission: Impossible (1996),1,3.537037037037037
Dragonheart (1996),1,3.0923076923076924
James and the Giant Peach (1996),1,3.4489795918367347
Kids in the Hall: Brain Candy (1996),1,3.2916666666666665
Mystery Science Theater 3000: The Movie (1996),1,3.486111111111111
"Truth About Cats & Dogs, The (1996)",1,3.3879310344827585
Oliver & Company (1988),1,3.090909090909091
Flipper (1996),1,3.05
Dead Man (1995),1,3.966666666666667
Wallace & Gromit: The Best of Aardman Animation (1996),1,4.092592592592593
"Craft, The (1996)",1,3.032258064516129
Cold Comfort Farm (1995),1,3.5
"Rock, The (1996)",1,3.6404958677685952
Twister (1996),1,3.321138211382114
Ghost in the Shell (Kôkaku kidôtai) (1995),1,4.148148148148148
Wallace & Gromit: A Close Shave (1995),1,3.8958333333333335
"Arrival, The (1996)",1,3.1136363636363638
Dr. Strangelove or: How I Learned to Stop Worrying and Love the Bomb (1964),1,4.268041237113402
Jack (1996),1,3.1578947368421053
Trainspotting (1996),1,4.03921568627451
Independence Day (a.k.a. ID4) (1996),1,3.4455445544554455
"Hunchback of Notre Dame, The (1996)",1,3.3297872340425534
Kingpin (1996),1,3.369047619047619
Eraser (1996),1,3.109375
"Frighteners, The (1996)",1,3.4565217391304346
Lone Star (1996),1,4.157894736842105
Harriet the Spy (1996),1,3.1363636363636362
Phenomenon (1996),1,3.3369565217391304
"Time to Kill, A (1996)",1,3.657142857142857
"Very Brady Sequel, A (1996)",1,3.25
"First Wives Club, The (1996)",1,3.0714285714285716
Ransom (1996),1,3.3378378378378377
Matilda (1996),1,3.272727272727273
Emma (1996),1,3.9166666666666665
Tin Cup (1996),1,3.1744186046511627
"Godfather, The (1972)",1,4.2890625
Bound (1996),1,4.0
Twelfth Night (1996),1,3.5384615384615383
"Philadelphia Story, The (1940)",1,4.310344827586207
Singin' in the Rain (1952),1,4.074468085106383
"American in Paris, An (1951)",1,3.7083333333333335
Breakfast at Tiffany's (1961),1,3.8472222222222223
Vertigo (1958),1,4.025
Rear Window (1954),1,4.261904761904762
It Happened One Night (1934),1,4.321428571428571
North by Northwest (1959),1,4.184210526315789
"Apartment, The (1960)",1,3.962962962962963
Some Like It Hot (1959),1,4.01
Charade (1963),1,3.8076923076923075
Casablanca (1942),1,4.24
"Maltese Falcon, The (1941)",1,4.170454545454546
My Fair Lady (1964),1,4.042857142857143
Sabrina (1954),1,3.7666666666666666
Roman Holiday (1953),1,4.0576923076923075
Meet Me in St. Louis (1944),1,4.1
"Wizard of Oz, The (1939)",1,3.880434782608696
Gone with the Wind (1939),1,3.6444444444444444
Sunset Blvd. (a.k.a. Sunset Boulevard) (1950),1,4.333333333333333
Citizen Kane (1941),1,4.043478260869565
2001: A Space Odyssey (1968),1,3.8944954128440368
All About Eve (1950),1,4.229166666666667
Rebecca (1940),1,4.166666666666667
Notorious (1946),1,4.25
To Catch a Thief (1955),1,4.217391304347826
Father of the Bride (1950),1,3.25
His Girl Friday (1940),1,4.392857142857143
Around the World in 80 Days (1956),1,3.625
It's a Wonderful Life (1946),1,4.0344827586206895
Mr. Smith Goes to Washington (1939),1,4.083333333333333
Bringing Up Baby (1938),1,3.861111111111111
"39 Steps, The (1935)",1,4.045454545454546
Night of the Living Dead (1968),1,3.75
"African Queen, The (1951)",1,3.9705882352941178
Cat on a Hot Tin Roof (1958),1,4.1
Fly Away Home (1996),1,3.5384615384615383
Michael Collins (1996),1,3.3181818181818183
Big Night (1996),1,4.181818181818182
2 Days in the Valley (1996),1,3.0416666666666665
"Parent Trap, The (1961)",1,3.2083333333333335
Swiss Family Robinson (1960),1,3.5
"20,000 Leagues Under the Sea (1954)",1,3.4705882352941178
Cool Runnings (1993),1,3.081081081081081
Cinderella (1950),1,3.488095238095238
Winnie the Pooh and the Blustery Day (1968),1,3.6153846153846154
"Sword in the Stone, The (1963)",1,3.58
Robin Hood: Prince of Thieves (1991),1,3.017857142857143
Mary Poppins (1964),1,3.887323943661972
Dumbo (1941),1,3.3857142857142857
Bedknobs and Broomsticks (1971),1,3.4791666666666665
Alice in Wonderland (1951),1,3.375
"Fox and the Hound, The (1981)",1,3.575
"Sound of Music, The (1965)",1,3.9375
Die Hard (1988),1,3.8620689655172415
Secrets & Lies (1996),1,4.590909090909091
That Thing You Do! (1996),1,3.2738095238095237
"Long Kiss Goodnight, The (1996)",1,3.3181818181818183
"Ghost and the Darkness, The (1996)",1,3.4761904761904763
Everyone Says I Love You (1996),1,3.466666666666667
William Shakespeare's Romeo + Juliet (1996),1,3.7222222222222223
Swingers (1996),1,3.6944444444444446
Sleepers (1996),1,3.6724137931034484
Aladdin and the King of Thieves (1996),1,3.1538461538461537
Willy Wonka & the Chocolate Factory (1971),1,3.8739495798319328
Sleeper (1973),1,3.75
Bananas (1971),1,3.409090909090909
"Fish Called Wanda, A (1988)",1,3.9225352112676055
Monty Python's Life of Brian (1979),1,3.9269662921348316
Victor/Victoria (1982),1,3.5416666666666665
Bonnie and Clyde (1967),1,4.071428571428571
Dial M for Murder (1954),1,4.1
Dirty Dancing (1987),1,3.369047619047619
Reservoir Dogs (1992),1,4.202290076335878
Platoon (1986),1,3.984126984126984
Basic Instinct (1992),1,3.1914893617021276
"Doors, The (1991)",1,3.4054054054054053
"Crying Game, The (1992)",1,3.4404761904761907
Glengarry Glen Ross (1992),1,3.6666666666666665
Sophie's Choice (1982),1,4.05
E.T. the Extra-Terrestrial (1982),1,3.7663934426229506
Top Gun (1986),1,3.3012048192771086
Rebel Without a Cause (1955),1,4.1
"Streetcar Named Desire, A (1951)",1,4.475
"People vs. Larry Flynt, The (1996)",1,3.537037037037037
On Golden Pond (1981),1,3.6538461538461537
"Return of the Pink Panther, The (1975)",1,3.6875
"Abyss, The (1989)",1,3.475806451612903
Escape from New York (1981),1,3.448717948717949
Jean de Florette (1986),1,4.090909090909091
Private Benjamin (1980),1,3.1153846153846154
Monty Python and the Holy Grail (1975),1,4.161764705882353
When We Were Kings (1996),1,3.9
Wallace & Gromit: The Wrong Trousers (1993),1,4.035714285714286
Bob Roberts (1992),1,3.3529411764705883
Cinema Paradiso (Nuovo cinema Paradiso) (1989),1,4.161764705882353
"Cook the Thief His Wife & Her Lover, The (1989)",1,3.1363636363636362
Delicatessen (1991),1,3.8333333333333335
Paths of Glory (1957),1,4.541666666666667
"Grifters, The (1990)",1,3.6296296296296298
"English Patient, The (1996)",1,3.7111111111111112
My Left Foot (1989),1,3.95
"Sex, Lies, and Videotape (1989)",1,3.5869565217391304
Strictly Ballroom (1992),1,3.659090909090909
"Thin Blue Line, The (1988)",1,4.0
One Flew Over the Cuckoo's Nest (1975),1,4.203007518796992
Cheech and Chong's Up in Smoke (1978),1,3.590909090909091
Star Wars: Episode V - The Empire Strikes Back (1980),1,4.2156398104265405
"Princess Bride, The (1987)",1,4.232394366197183
Raiders of the Lost Ark (Indiana Jones and the Raiders of the Lost Ark) (1981),1,4.2075
Brazil (1985),1,4.177966101694915
Aliens (1986),1,3.9642857142857144
"Good, the Bad and the Ugly, The (Buono, il brutto, il cattivo, Il) (1966)",1,4.145833333333333
12 Angry Men (1957),1,4.149122807017544
Lawrence of Arabia (1962),1,4.3
"Clockwork Orange, A (1971)",1,3.995833333333333
To Kill a Mockingbird (1962),1,4.120689655172414
Apocalypse Now (1979),1,4.219626168224299
Once Upon a Time in the West (C'era una volta il West) (1968),1,4.305555555555555
Star Wars: Episode VI - Return of the Jedi (1983),1,4.137755102040816
"Wings of Desire (Himmel über Berlin, Der) (1987)",1,3.8846153846153846
"Third Man, The (1949)",1,4.229166666666667
Goodfellas (1990),1,4.25
Alien (1979),1,3.969178082191781
Army of Darkness (1993),1,4.03921568627451
"Big Blue, The (Grand bleu, Le) (1988)",1,3.4545454545454546
Ran (1985),1,4.433333333333334
"Killer, The (Die xue shuang xiong) (1989)",1,4.0
Psycho (1960),1,4.036144578313253
"Blues Brothers, The (1980)",1,3.8095238095238093
"Godfather: Part II, The (1974)",1,4.25968992248062
Full Metal Jacket (1987),1,4.098039215686274
"Grand Day Out with Wallace and Gromit, A (1989)",1,4.089285714285714
Henry V (1989),1,4.0
Amadeus (1984),1,4.184210526315789
Once Upon a Time in America (1984),1,4.0625
Raging Bull (1980),1,4.1875
Annie Hall (1977),1,3.8706896551724137
"Right Stuff, The (1983)",1,3.8636363636363638
"Boot, Das (Boat, The) (1981)",1,4.2125
"Sting, The (1973)",1,3.9765625
Harold and Maude (1971),1,4.288461538461538
"Seventh Seal, The (Sjunde inseglet, Det) (1957)",1,4.222222222222222
"Terminator, The (1984)",1,3.8969465648854964
Dead Alive (Braindead) (1992),1,4.05
Glory (1989),1,4.170731707317073
Rosencrantz and Guildenstern Are Dead (1990),1,3.96875
Manhattan (1979),1,4.106060606060606
Miller's Crossing (1990),1,4.225
Dead Poets Society (1989),1,3.9593023255813953
"Graduate, The (1967)",1,4.063291139240507
Touch of Evil (1958),1,4.264705882352941
"Femme Nikita, La (Nikita) (1990)",1,4.071428571428571
"Bridge on the River Kwai, The (1957)",1,4.122222222222222
8 1/2 (8½) (1963),1,4.071428571428571
Chinatown (1974),1,4.211864406779661
"Day the Earth Stood Still, The (1951)",1,3.82
"Treasure of the Sierra Madre, The (1948)",1,3.65625
Duck Soup (1933),1,3.8043478260869565
Better Off Dead... (1985),1,3.685185185185185
"Shining, The (1980)",1,4.08256880733945
Stand by Me (1986),1,4.0054945054945055
M (1931),1,3.7333333333333334
Evil Dead II (Dead by Dawn) (1987),1,4.044117647058823
"Great Escape, The (1963)",1,4.127906976744186
"Deer Hunter, The (1978)",1,3.8255813953488373
Groundhog Day (1993),1,3.944055944055944
Unforgiven (1992),1,4.111111111111111
"Manchurian Candidate, The (1962)",1,4.25
Arsenic and Old Lace (1944),1,3.8793103448275863
Back to the Future (1985),1,4.038011695906433
Fried Green Tomatoes (1991),1,3.5
Patton (1970),1,4.121212121212121
Down by Law (1986),1,4.045454545454546
Akira (1988),1,3.7435897435897436
Highlander (1986),1,3.7291666666666665
Cool Hand Luke (1967),1,4.271929824561403
Cyrano de Bergerac (1990),1,4.125
Young Frankenstein (1974),1,3.9927536231884058
"Great Dictator, The (1940)",1,4.133333333333334
Fantasia (1940),1,3.7830188679245285
High Noon (1952),1,4.2105263157894735
"Big Sleep, The (1946)",1,4.142857142857143
Heathers (1989),1,3.731707317073171
Ben-Hur (1959),1,3.9411764705882355
This Is Spinal Tap (1984),1,4.015151515151516
Koyaanisqatsi (a.k.a. Koyaanisqatsi: Life Out of Balance) (1983),1,3.8636363636363638
Some Kind of Wonderful (1987),1,3.35
Indiana Jones and the Last Crusade (1989),1,4.046428571428572
Being There (1979),1,3.95
Gandhi (1982),1,3.8333333333333335
"Unbearable Lightness of Being, The (1988)",1,3.227272727272727
"Room with a View, A (1986)",1,3.7058823529411766
Real Genius (1985),1,3.675
Pink Floyd: The Wall (1982),1,3.760869565217391
"Killing Fields, The (1984)",1,4.017857142857143
Forbidden Planet (1956),1,3.8076923076923075
Field of Dreams (1989),1,3.517857142857143
"Man Who Would Be King, The (1975)",1,4.029411764705882
Butch Cassidy and the Sundance Kid (1969),1,3.943548387096774
When Harry Met Sally... (1989),1,3.8588235294117648
Alien³ (a.k.a. Alien 3) (1992),1,3.148936170212766
"American Werewolf in London, An (1981)",1,3.4130434782608696
"Birds, The (1963)",1,3.602272727272727
Dracula (Bram Stoker's Dracula) (1992),1,3.4655172413793105
Cape Fear (1991),1,3.78
Cape Fear (1962),1,3.9642857142857144
Carrie (1976),1,3.3472222222222223
"Nosferatu (Nosferatu, eine Symphonie des Grauens) (1922)",1,3.53125
"Omen, The (1976)",1,3.8181818181818183
Star Trek: First Contact (1996),1,3.879120879120879
Shine (1996),1,4.0
Sling Blade (1996),1,3.8404255319148937
101 Dalmatians (1996),1,3.074468085106383
Die Hard 2 (1990),1,3.4044117647058822
Star Trek: The Motion Picture (1979),1,3.0444444444444443
Star Trek VI: The Undiscovered Country (1991),1,3.3452380952380953
Star Trek II: The Wrath of Khan (1982),1,3.7661290322580645
Star Trek III: The Search for Spock (1984),1,3.261904761904762
Star Trek IV: The Voyage Home (1986),1,3.4767441860465116
Batman Returns (1992),1,3.025
Young Guns (1988),1,3.1
Grease (1978),1,3.139705882352941
Jaws (1975),1,4.0054945054945055
Mars Attacks! (1996),1,3.0930232558139537
Jerry Maguire (1996),1,3.5941176470588236
Raising Arizona (1987),1,3.9913793103448274
Sneakers (1992),1,3.4782608695652173
Scream (1996),1,3.2
"Last of the Mohicans, The (1992)",1,3.8333333333333335
Hamlet (1996),1,4.0
Evita (1996),1,3.4166666666666665
First Strike (Police Story 4: First Strike) (Ging chaat goo si 4: Ji gaan daan yam mo) (1996),1,3.575
Benny & Joon (1993),1,3.473684210526316
Waiting for Guffman (1996),1,3.875
Fools Rush In (1997),1,3.0833333333333335
Lost Highway (1997),1,3.264705882352941
Donnie Brasco (1997),1,3.7403846153846154
Private Parts (1997),1,3.5384615384615383
"Saint, The (1997)",1,3.216666666666667
Smilla's Sense of Snow (1997),1,3.3636363636363638
Crash (1996),1,3.090909090909091
Liar Liar (1997),1,3.0337837837837838
Grosse Pointe Blank (1997),1,3.610169491525424
Austin Powers: International Man of Mystery (1997),1,3.535
Breakdown (1997),1,3.3461538461538463
"Fifth Element, The (1997)",1,3.7456896551724137
Shall We Dance? (Shall We Dansu?) (1996),1,3.8076923076923075
Con Air (1997),1,3.0338983050847457
Hercules (1997),1,3.4516129032258065
My Best Friend's Wedding (1997),1,3.5
Face/Off (1997),1,3.3701298701298703
Men in Black (a.k.a. MIB) (1997),1,3.487878787878788
Contact (1997),1,3.652439024390244
Conan the Barbarian (1982),1,3.2580645161290325
George of the Jungle (1997),1,3.075
Cop Land (1997),1,3.28125
Air Force One (1997),1,3.3448275862068964
"Hunt for Red October, The (1990)",1,3.8722222222222222
"Peacemaker, The (1997)",1,3.025
L.A. Confidential (1997),1,4.061855670103093
Seven Years in Tibet (1997),1,3.4285714285714284
Kiss the Girls (1997),1,3.1153846153846154
"Game, The (1997)",1,3.7012987012987013
"Ice Storm, The (1997)",1,3.8823529411764706
Chasing Amy (1997),1,3.576923076923077
"Full Monty, The (1997)",1,3.7589285714285716
The Devil's Advocate (1997),1,3.411764705882353
Gattaca (1997),1,3.953488372093023
Stripes (1981),1,3.7941176470588234
"Rainmaker, The (1997)",1,3.375
Boogie Nights (1997),1,4.076923076923077
Witness (1985),1,3.65
Starship Troopers (1997),1,3.33125
"Joy Luck Club, The (1993)",1,3.5
Sliding Doors (1998),1,3.6
"Truman Show, The (1998)",1,3.812
"Jackal, The (1997)",1,3.2222222222222223
Anastasia (1997),1,3.35
Amistad (1997),1,3.5
Good Will Hunting (1997),1,4.078014184397163
Midnight in the Garden of Good and Evil (1997),1,3.1041666666666665
"Sweet Hereafter, The (1997)",1,4.25
Titanic (1997),1,3.414285714285714
Tomorrow Never Dies (1997),1,3.066666666666667
Jackie Brown (1997),1,3.6979166666666665
"Big Lebowski, The (1998)",1,3.9245283018867925
Great Expectations (1998),1,3.3181818181818183
Wag the Dog (1997),1,3.338709677419355
Dark City (1998),1,3.8229166666666665
Half Baked (1998),1,3.59375
Fallen (1998),1,3.5
"Wedding Singer, The (1998)",1,3.419642857142857
As Good as It Gets (1997),1,3.6979166666666665
U.S. Marshals (1998),1,3.0217391304347827
Suicide Kings (1997),1,3.423076923076923
"Man in the Iron Mask, The (1998)",1,3.5
Wild Things (1998),1,3.0161290322580645
Primary Colors (1998),1,3.5
"Spanish Prisoner, The (1997)",1,4.0
City of Angels (1998),1,3.3823529411764706
Zero Effect (1998),1,3.966666666666667
"Borrowers, The (1997)",1,3.0416666666666665
"Misérables, Les (1998)",1,3.75
Deep Impact (1998),1,3.0697674418604652
Bulworth (1998),1,3.2708333333333335
Fear and Loathing in Las Vegas (1998),1,3.967391304347826
"Opposite of Sex, The (1998)",1,3.125
"Perfect Murder, A (1998)",1,3.28125
Can't Hardly Wait (1998),1,3.3333333333333335
Mulan (1998),1,3.566666666666667
"X-Files: Fight the Future, The (1998)",1,3.4404761904761907
Out of Sight (1998),1,3.859375
Buffalo '66 (a.k.a. Buffalo 66) (1998),1,3.4166666666666665
Armageddon (1998),1,3.0543478260869565
Pi (1998),1,3.851063829787234
There's Something About Mary (1998),1,3.676190476190476
All Quiet on the Western Front (1930),1,4.35
From Here to Eternity (1953),1,3.9545454545454546
On the Waterfront (1954),1,4.1875
West Side Story (1961),1,3.6029411764705883
In the Heat of the Night (1967),1,4.181818181818182
Midnight Cowboy (1969),1,3.9545454545454546
"French Connection, The (1971)",1,3.871794871794872
Rocky (1976),1,3.828125
Kramer vs. Kramer (1979),1,3.892857142857143
Ordinary People (1980),1,4.0
Chariots of Fire (1981),1,4.038461538461538
Terms of Endearment (1983),1,3.7954545454545454
Out of Africa (1985),1,3.6666666666666665
"Last Emperor, The (1987)",1,3.6923076923076925
Rain Man (1988),1,3.8072916666666665
Driving Miss Daisy (1989),1,3.739130434782609
Take the Money and Run (1969),1,3.3636363636363638
Repo Man (1984),1,3.380952380952381
Labyrinth (1986),1,3.8214285714285716
"Breakfast Club, The (1985)",1,3.7787610619469025
Halloween (1978),1,3.7222222222222223
Poltergeist (1982),1,3.425531914893617
"Exorcist, The (1973)",1,3.80188679245283
Lethal Weapon (1987),1,3.6733333333333333
Lethal Weapon 2 (1989),1,3.1808510638297873
Gremlins (1984),1,3.3780487804878048
Gremlins 2: The New Batch (1990),1,3.3333333333333335
"Goonies, The (1985)",1,3.5701754385964914
"Mask of Zorro, The (1998)",1,3.1
Soylent Green (1973),1,3.473684210526316
Metropolis (1927),1,3.857142857142857
Back to the Future Part II (1989),1,3.5057471264367814
Back to the Future Part III (1990),1,3.3693181818181817
"Poseidon Adventure, The (1972)",1,3.0952380952380953
Bambi (1942),1,3.3684210526315788
Seven Samurai (Shichinin no samurai) (1954),1,4.1875
Dangerous Liaisons (1988),1,4.0
Dune (1984),1,3.4324324324324325
"Godfather: Part III, The (1990)",1,3.3555555555555556
Saving Private Ryan (1998),1,4.1462765957446805
Flight of the Navigator (1986),1,3.2083333333333335
"Negotiator, The (1998)",1,3.35
BASEketball (1998),1,3.0714285714285716
Roger & Me (1989),1,3.838709677419355
"Purple Rose of Cairo, The (1985)",1,3.730769230769231
Doctor Zhivago (1965),1,4.142857142857143
"'burbs, The (1989)",1,3.176470588235294
Blue Velvet (1986),1,3.9456521739130435
"Jungle Book, The (1967)",1,3.830188679245283
Lady and the Tramp (1955),1,3.4
"Little Mermaid, The (1989)",1,3.425373134328358
"Muppet Christmas Carol, The (1992)",1,3.736842105263158
101 Dalmatians (One Hundred and One Dalmatians) (1961),1,3.4318181818181817
Peter Pan (1953),1,3.573170731707317
"Rescuers Down Under, The (1990)",1,3.5
"Rescuers, The (1977)",1,3.1923076923076925
"Rocketeer, The (1991)",1,3.2564102564102564
Sleeping Beauty (1959),1,3.409090909090909
Splash (1984),1,3.1176470588235294
Tron (1982),1,3.34
L.A. Story (1991),1,3.4791666666666665
"Jerk, The (1979)",1,3.3703703703703702
Dead Men Don't Wear Plaid (1982),1,3.3055555555555554
"Man with Two Brains, The (1983)",1,3.25
"Outsiders, The (1983)",1,3.71875
Indiana Jones and the Temple of Doom (1984),1,3.638888888888889
"Lord of the Rings, The (1978)",1,3.1333333333333333
1984 (Nineteen Eighty-Four) (1984),1,3.7142857142857144
"Dead Zone, The (1983)",1,3.7333333333333334
"Addams Family, The (1991)",1,3.289473684210526
Ever After: A Cinderella Story (1998),1,3.619047619047619
Adventures in Babysitting (1987),1,3.325
Weird Science (1985),1,3.1136363636363638
Doctor Dolittle (1967),1,3.772727272727273
Charlotte's Web (1973),1,3.5476190476190474
Watership Down (1978),1,4.05
"Secret of NIMH, The (1982)",1,3.4761904761904763
"Dark Crystal, The (1982)",1,3.5441176470588234
"American Tail, An (1986)",1,3.1666666666666665
Legend (1985),1,3.076923076923077
Sixteen Candles (1984),1,3.6020408163265305
Pretty in Pink (1986),1,3.242424242424242
St. Elmo's Fire (1985),1,3.21875
"Gods Must Be Crazy, The (1980)",1,3.892857142857143
Rosemary's Baby (1968),1,4.171875
"NeverEnding Story, The (1984)",1,3.5813953488372094
Blade (1998),1,3.3620689655172415
Beetlejuice (1988),1,3.4725274725274726
Rope (1948),1,3.9
Strangers on a Train (1951),1,3.98
Willow (1988),1,3.3375
"Untouchables, The (1987)",1,3.9384615384615387
Rounders (1998),1,3.861111111111111
Cube (1997),1,3.425925925925926
Broadcast News (1987),1,3.4285714285714284
Working Girl (1988),1,3.2045454545454546
Say Anything... (1989),1,3.923076923076923
My Blue Heaven (1990),1,3.1818181818181817
"Few Good Men, A (1992)",1,3.789473684210526
Rush Hour (1998),1,3.261904761904762
Ronin (1998),1,3.5232558139534884
"Thing, The (1982)",1,3.933333333333333
"Player, The (1992)",1,3.9473684210526314
Edward Scissorhands (1990),1,3.7
Antz (1998),1,3.2444444444444445
What Dreams May Come (1998),1,3.642857142857143
"Producers, The (1968)",1,3.9696969696969697
History of the World: Part I (1981),1,3.625
My Cousin Vinny (1992),1,3.26271186440678
2010: The Year We Make Contact (1984),1,3.588235294117647
Children of a Lesser God (1986),1,3.8333333333333335
"Elephant Man, The (1980)",1,4.029411764705882
Happiness (1998),1,4.125
Pleasantville (1998),1,3.4836065573770494
Life Is Beautiful (La Vita è bella) (1997),1,4.1477272727272725
Orgazmo (1997),1,3.1153846153846154
American History X (1998),1,4.217054263565892
"Waterboy, The (1998)",1,3.1785714285714284
Elizabeth (1998),1,3.6739130434782608
Meet Joe Black (1998),1,3.05
"Stepford Wives, The (1975)",1,3.1818181818181817
"Big Chill, The (1983)",1,3.84
Enemy of the State (1998),1,3.4925373134328357
"Bug's Life, A (1998)",1,3.516304347826087
Waking Ned Devine (a.k.a. Waking Ned) (1998),1,3.673076923076923
"Celebration, The (Festen) (1998)",1,4.458333333333333
King Kong (1933),1,3.64
Fletch (1985),1,3.0833333333333335
"View to a Kill, A (1985)",1,3.2142857142857144
Police Academy (1984),1,3.022727272727273
Very Bad Things (1998),1,3.4375
"Simple Plan, A (1998)",1,3.7954545454545454
Star Trek: Insurrection (1998),1,3.1515151515151514
"Prince of Egypt, The (1998)",1,3.5
Rushmore (1998),1,3.544642857142857
Shakespeare in Love (1998),1,3.777173913043478
Miracle on 34th Street (1947),1,4.0588235294117645
First Blood (Rambo: First Blood) (1982),1,3.55
Romancing the Stone (1984),1,3.4537037037037037
Cocoon (1985),1,3.2674418604651163
Rocky II (1979),1,3.1923076923076925
Clue (1985),1,3.388888888888889
Young Sherlock Holmes (1985),1,3.3636363636363638
"Karate Kid, The (1984)",1,3.5657894736842106
Christmas Vacation (National Lampoon's Christmas Vacation) (1989),1,3.566666666666667
You've Got Mail (1998),1,3.12
"Thin Red Line, The (1998)",1,3.3
Patch Adams (1998),1,3.3703703703703702
"Civil Action, A (1998)",1,3.0454545454545454
Varsity Blues (1999),1,3.2666666666666666
"Fly, The (1958)",1,3.3846153846153846
"Fly, The (1986)",1,3.383720930232558
"Texas Chainsaw Massacre, The (1974)",1,3.269230769230769
Ruthless People (1986),1,3.3214285714285716
"Name of the Rose, The (Name der Rose, Der) (1986)",1,3.75
Crocodile Dundee (1986),1,3.175438596491228
"Color of Money, The (1986)",1,3.5
Heartbreak Ridge (1986),1,3.75
¡Three Amigos! (1986),1,3.1346153846153846
Payback (1999),1,3.422222222222222
Blast from the Past (1999),1,3.108695652173913
October Sky (1999),1,3.75
Office Space (1999),1,4.090425531914893
Night Shift (1982),1,3.05
Westworld (1973),1,3.4166666666666665
Logan's Run (1976),1,3.2291666666666665
Planet of the Apes (1968),1,3.8035714285714284
Analyze This (1999),1,3.095744680851064
Cruel Intentions (1999),1,3.225
"Lock, Stock & Two Smoking Barrels (1998)",1,4.052238805970149
"King and I, The (1956)",1,4.166666666666667
"Matrix, The (1999)",1,4.192446043165468
10 Things I Hate About You (1999),1,3.5277777777777777
Go (1999),1,3.9615384615384617
Cookie's Fortune (1999),1,3.875
Open Your Eyes (Abre los ojos) (1997),1,3.75
SLC Punk! (1998),1,3.7916666666666665
Election (1999),1,3.6607142857142856
eXistenZ (1999),1,3.8636363636363638
"Mummy, The (1999)",1,3.1206896551724137
William Shakespeare's A Midsummer Night's Dream (1999),1,3.1363636363636362
Star Wars: Episode I - The Phantom Menace (1999),1,3.107142857142857
Superman (1978),1,3.6065573770491803
Superman II (1980),1,3.020408163265306
Frankenstein (1931),1,3.909090909090909
"Rocky Horror Picture Show, The (1975)",1,3.3412698412698414
"War of the Worlds, The (1953)",1,3.1666666666666665
Invasion of the Body Snatchers (1956),1,3.769230769230769
Notting Hill (1999),1,3.455357142857143
Austin Powers: The Spy Who Shagged Me (1999),1,3.1983471074380163
"Red Violin, The (Violon rouge, Le) (1998)",1,4.026315789473684
Tarzan (1999),1,3.4583333333333335
"Ideal Husband, An (1999)",1,3.7
Run Lola Run (Lola rennt) (1998),1,4.0
Big Daddy (1999),1,3.1979166666666665
"South Park: Bigger, Longer and Uncut (1999)",1,3.861842105263158
Summer of Sam (1999),1,3.4
American Pie (1999),1,3.378640776699029
Arlington Road (1999),1,3.272727272727273
Eyes Wide Shut (1999),1,3.4622641509433962
Ghostbusters (a.k.a. Ghost Busters) (1984),1,3.775
Drop Dead Gorgeous (1999),1,3.2
Mystery Men (1999),1,3.08974358974359
Spartacus (1960),1,3.576923076923077
"400 Blows, The (Les quatre cents coups) (1959)",1,4.0
"Mosquito Coast, The (1986)",1,3.25
"Color Purple, The (1985)",1,3.9166666666666665
Little Shop of Horrors (1986),1,3.3333333333333335
"Iron Giant, The (1999)",1,4.051282051282051
"Sixth Sense, The (1999)",1,3.893854748603352
"Thomas Crown Affair, The (1999)",1,3.6458333333333335
Heaven Can Wait (1978),1,3.269230769230769
Monty Python's And Now for Something Completely Different (1971),1,4.053571428571429
Airplane! (1980),1,3.8563218390804597
Airplane II: The Sequel (1982),1,3.1842105263157894
National Lampoon's Vacation (1983),1,3.6538461538461537
Big (1988),1,3.71978021978022
Tequila Sunrise (1988),1,3.0384615384615383
"Christmas Story, A (1983)",1,3.9727272727272727
Three Days of the Condor (3 Days of the Condor) (1975),1,3.75
Medicine Man (1992),1,3.1363636363636362
Stir of Echoes (1999),1,3.5277777777777777
Yellow Submarine (1968),1,3.2857142857142856
American Beauty (1999),1,4.056372549019608
"Hard Day's Night, A (1964)",1,3.473684210526316
Fright Night (1985),1,3.5833333333333335
Deliverance (1972),1,3.9
Excalibur (1981),1,3.64
Double Jeopardy (1999),1,3.026315789473684
Three Kings (1999),1,3.7111111111111112
Boys Don't Cry (1999),1,3.551282051282051
"Limey, The (1999)",1,3.892857142857143
Risky Business (1983),1,3.4404761904761907
Total Recall (1990),1,3.653409090909091
Body Heat (1981),1,4.0
Ferris Bueller's Day Off (1986),1,3.8394495412844036
High Plains Drifter (1973),1,4.181818181818182
Drunken Master (Jui kuen) (1978),1,4.05
Hairspray (1988),1,3.3181818181818183
"Dirty Dozen, The (1967)",1,3.96875
Goldfinger (1964),1,3.839622641509434
From Russia with Love (1963),1,3.75
Dr. No (1962),1,3.712121212121212
"Fistful of Dollars, A (Per un pugno di dollari) (1964)",1,3.9358974358974357
Sydney (Hard Eight) (1996),1,3.5416666666666665
Fight Club (1999),1,4.272935779816514
"Straight Story, The (1999)",1,3.9285714285714284
Time Bandits (1981),1,3.731707317073171
Crimes and Misdemeanors (1989),1,3.9166666666666665
RoboCop (1987),1,3.3714285714285714
Who Framed Roger Rabbit? (1988),1,3.5721649484536084
For Your Eyes Only (1981),1,3.5476190476190474
Licence to Kill (1989),1,3.325
Live and Let Die (1973),1,3.6956521739130435
Thunderball (1965),1,3.4791666666666665
Being John Malkovich (1999),1,3.9545454545454546
Princess Mononoke (Mononoke-hime) (1997),1,3.9583333333333335
"Insider, The (1999)",1,3.7419354838709675
Creepshow (1982),1,3.0714285714285716
Re-Animator (1985),1,3.45
Drugstore Cowboy (1989),1,4.15
Falling Down (1993),1,3.5294117647058822
Yojimbo (1961),1,4.230769230769231
Spaceballs (1987),1,3.483050847457627
Robin Hood (1973),1,3.513888888888889
Mister Roberts (1955),1,3.8181818181818183
Little Big Man (1970),1,4.145833333333333
Trading Places (1983),1,3.730769230769231
Dead Again (1991),1,3.769230769230769
Dogma (1999),1,3.6455696202531644
"Messenger: The Story of Joan of Arc, The (1999)",1,3.909090909090909
"Commitments, The (1991)",1,3.8666666666666667
"Longest Day, The (1962)",1,4.0
Women on the Verge of a Nervous Breakdown (Mujeres al borde de un ataque de nervios) (1988),1,3.55
"Adventures of Buckaroo Banzai Across the 8th Dimension, The (1984)",1,3.5476190476190474
Moonstruck (1987),1,3.5555555555555554
Sleepy Hollow (1999),1,3.475806451612903
"World Is Not Enough, The (1999)",1,3.3333333333333335
All About My Mother (Todo sobre mi madre) (1999),1,4.157894736842105
Scrooged (1988),1,3.1666666666666665
Harvey (1950),1,3.8333333333333335
Bicycle Thieves (a.k.a. The Bicycle Thief) (a.k.a. The Bicycle Thieves) (Ladri di biciclette) (1948),1,4.125
"Natural, The (1984)",1,3.6458333333333335
"River Runs Through It, A (1992)",1,3.9318181818181817
Fatal Attraction (1987),1,3.0972222222222223
Midnight Run (1988),1,3.6363636363636362
Awakenings (1990),1,3.6818181818181817
Backdraft (1991),1,3.3043478260869565
"Fisher King, The (1991)",1,3.8055555555555554
Toy Story 2 (1999),1,3.8608247422680413
"Green Mile, The (1999)",1,4.148648648648648
"Cider House Rules, The (1999)",1,3.75
Fantasia 2000 (1999),1,3.8333333333333335
Magnolia (1999),1,3.7115384615384617
Easy Rider (1969),1,3.603448275862069
Man on the Moon (1999),1,3.4871794871794872
Galaxy Quest (1999),1,3.58
"Talented Mr. Ripley, The (1999)",1,3.336734693877551
"Hurricane, The (1999)",1,3.53125
"Girl, Interrupted (1999)",1,3.4642857142857144
My Dog Skip (1999),1,3.5454545454545454
Papillon (1973),1,3.9285714285714284
Dead Calm (1989),1,3.1666666666666665
Fast Times at Ridgemont High (1982),1,3.4761904761904763
Batman: Mask of the Phantasm (1993),1,4.115384615384615
Pacific Heights (1990),1,3.1923076923076925
"Goodbye Girl, The (1977)",1,3.7083333333333335
Malcolm X (1992),1,4.166666666666667
Sister Act (1992),1,3.0277777777777777
Scent of a Woman (1992),1,3.5925925925925926
Wayne's World (1992),1,3.4754098360655736
Wayne's World 2 (1993),1,3.2962962962962963
"League of Their Own, A (1992)",1,3.466666666666667
Patriot Games (1992),1,3.5161290322580645
Far and Away (1992),1,3.1363636363636362
Howards End (1992),1,4.0
Singles (1992),1,3.1818181818181817
Twin Peaks: Fire Walk with Me (1992),1,3.409090909090909
White Men Can't Jump (1992),1,3.0454545454545454
"Mariachi, El (1992)",1,3.5555555555555554
Of Mice and Men (1992),1,3.676470588235294
Single White Female (1992),1,3.375
"Boondock Saints, The (2000)",1,4.22093023255814
"Beach, The (2000)",1,3.0625
Boiler Room (2000),1,3.7142857142857144
Pitch Black (2000),1,3.5641025641025643
"Whole Nine Yards, The (2000)",1,3.5238095238095237
City Lights (1931),1,3.8461538461538463
Wonder Boys (2000),1,3.659090909090909
Ghost Dog: The Way of the Samurai (1999),1,4.052631578947368
Key Largo (1948),1,4.2
"Ninth Gate, The (1999)",1,3.2
Defending Your Life (1991),1,3.85
Breaking Away (1979),1,4.090909090909091
Hoosiers (a.k.a. Best Shot) (1986),1,3.7045454545454546
Bull Durham (1988),1,3.6714285714285713
Dog Day Afternoon (1975),1,3.9342105263157894
American Graffiti (1973),1,3.8488372093023258
JFK (1991),1,3.5
"Muppet Movie, The (1979)",1,3.590909090909091
"Great Muppet Caper, The (1981)",1,3.4545454545454546
"Muppets Take Manhattan, The (1984)",1,3.3333333333333335
Erin Brockovich (2000),1,3.5285714285714285
Thelma & Louise (1991),1,3.4634146341463414
Animal House (1978),1,3.693548387096774
Do the Right Thing (1989),1,4.037037037037037
Creature Comforts (1989),1,4.25
Double Indemnity (1944),1,4.323529411764706
Red Dawn (1984),1,3.4285714285714284
"Good Morning, Vietnam (1987)",1,3.802325581395349
Grumpy Old Men (1993),1,3.293103448275862
Guess Who's Coming to Dinner (1967),1,4.545454545454546
Romeo Must Die (2000),1,3.0833333333333335
Lord of the Flies (1963),1,3.0384615384615383
Modern Times (1936),1,3.72
"Hustler, The (1961)",1,4.333333333333333
Close Encounters of the Third Kind (1977),1,3.7416666666666667
Jacob's Ladder (1990),1,3.5576923076923075
Empire Records (1995),1,3.3846153846153846
Ladyhawke (1985),1,3.3333333333333335
High Fidelity (2000),1,3.6666666666666665
"Road to El Dorado, The (2000)",1,3.1153846153846154
Hook (1991),1,3.358490566037736
Misery (1990),1,3.840909090909091
Solaris (Solyaris) (1972),1,4.090909090909091
Network (1976),1,4.0227272727272725
"Odd Couple, The (1968)",1,4.066666666666666
"Outlaw Josey Wales, The (1976)",1,4.25
Frequency (2000),1,3.4166666666666665
Parenthood (1989),1,3.7
Predator (1987),1,3.581967213114754
28 Days (2000),1,3.3
American Psycho (2000),1,3.788135593220339
Keeping the Faith (2000),1,3.4523809523809526
Diner (1982),1,3.75
Marathon Man (1976),1,3.4615384615384617
Caddyshack (1980),1,3.826923076923077
U-571 (2000),1,3.4242424242424243
"Virgin Suicides, The (1999)",1,3.769230769230769
Gladiator (2000),1,3.9382352941176473
Dinosaur (2000),1,3.107142857142857
Loser (2000),1,3.3
Road Trip (2000),1,3.0853658536585367
Small Time Crooks (2000),1,3.5416666666666665
Shanghai Noon (2000),1,3.1511627906976742
On Her Majesty's Secret Service (1969),1,3.264705882352941
"Spy Who Loved Me, The (1977)",1,3.4444444444444446
Moonraker (1979),1,3.1346153846153846
"Man with the Golden Gun, The (1974)",1,3.5833333333333335
"Guns of Navarone, The (1961)",1,3.769230769230769
Romeo and Juliet (1968),1,3.6666666666666665
Blazing Saddles (1974),1,3.935483870967742
Eraserhead (1977),1,3.75
For a Few Dollars More (Per qualche dollaro in più) (1965),1,4.151515151515151
Blood Simple (1984),1,4.0
"Running Man, The (1987)",1,3.2205882352941178
Starman (1984),1,3.1538461538461537
Alien Nation (1988),1,3.1153846153846154
Mad Max (1979),1,3.486842105263158
"Road Warrior, The (Mad Max 2) (1981)",1,4.0375
Mad Max Beyond Thunderdome (1985),1,3.2708333333333335
Firestarter (1984),1,3.05
Gone in 60 Seconds (2000),8,3.221311475409836
"Conversation, The (1974)",8,4.205882352941177
Serpico (1973),8,3.7941176470588234
Big Trouble in Little China (1986),8,3.857142857142857
Badlands (1973),8,4.090909090909091
Battleship Potemkin (1925),8,3.65
Titan A.E. (2000),8,3.413793103448276
Chicken Run (2000),8,3.551282051282051
"Me, Myself & Irene (2000)",8,3.0869565217391304
"Patriot, The (2000)",8,3.448529411764706
"Perfect Storm, The (2000)",8,3.1704545454545454
F/X (1986),8,3.21875
Croupier (1998),8,3.9545454545454546
Footloose (1984),8,3.1875
X-Men (2000),8,3.699248120300752
What Lies Beneath (2000),8,3.2
What About Bob? (1991),8,3.2714285714285714
Everything You Always Wanted to Know About Sex * But Were Afraid to Ask (1972),8,3.4583333333333335
Saving Grace (2000),8,3.909090909090909
Kelly's Heroes (1970),8,4.133333333333334
"Tao of Steve, The (2000)",8,3.3846153846153846
"Cell, The (2000)",8,3.0444444444444443
"Naked Gun: From the Files of Police Squad!, The (1988)",8,3.4047619047619047
"Naked Gun 2 1/2: The Smell of Fear, The (1991)",8,3.423076923076923
Nurse Betty (2000),8,3.3421052631578947
Almost Famous (2000),8,3.8674698795180724
Dancer in the Dark (2000),8,3.975
Best in Show (2000),8,3.688679245283019
Remember the Titans (2000),8,3.7439024390243905
Hellraiser (1987),8,3.3666666666666667
Meet the Parents (2000),8,3.4175824175824174
Requiem for a Dream (2000),8,3.921875
Billy Elliot (2000),8,3.8513513513513513
Bedazzled (2000),8,3.074074074074074
Pay It Forward (2000),8,3.4423076923076925
"Legend of Drunken Master, The (Jui kuen II) (1994)",8,4.125
"Legend of Bagger Vance, The (2000)",8,3.066666666666667
Men of Honor (2000),8,3.392857142857143
Diamonds Are Forever (1971),8,3.5
How the Grinch Stole Christmas (a.k.a. The Grinch) (2000),8,3.0454545454545454
Unbreakable (2000),8,3.4794520547945207
"Crouching Tiger, Hidden Dragon (Wo hu cang long) (2000)",8,3.8363636363636364
Proof of Life (2000),8,3.0416666666666665
"Planes, Trains & Automobiles (1987)",8,3.8518518518518516
"Living Daylights, The (1987)",8,3.2916666666666665
Wall Street (1987),8,3.75
Born on the Fourth of July (1989),8,3.5384615384615383
Snatch (2000),8,4.155913978494624
Chocolat (2000),8,3.521276595744681
"Emperor's New Groove, The (2000)",8,3.7162162162162162
Pollock (2000),8,3.5357142857142856
What Women Want (2000),8,3.138888888888889
Finding Forrester (2000),8,3.7142857142857144
Cast Away (2000),8,3.7
"Family Man, The (2000)",8,3.130434782608696
Miss Congeniality (2000),8,3.0546875
"O Brother, Where Art Thou? (2000)",8,3.8085106382978724
State and Main (2000),8,3.875
Thirteen Days (2000),8,3.923076923076923
Traffic (2000),8,3.9
Shadow of the Vampire (2000),8,3.1363636363636362
Annie (1982),8,3.125
"Officer and a Gentleman, An (1982)",8,3.642857142857143
Beverly Hills Cop (1984),8,3.402173913043478
Empire of the Sun (1987),8,3.95
"Evil Dead, The (1981)",8,3.8181818181818183
Innerspace (1987),8,3.125
"Lost Boys, The (1987)",8,3.7115384615384617
In the Mood For Love (Fa yeung nin wa) (2000),8,4.214285714285714
"Mexican, The (2001)",8,3.347826086956522
Enemy at the Gates (2001),8,3.5125
Memento (2000),8,4.122641509433962
Amores Perros (Love's a Bitch) (2000),8,3.9347826086956523
Along Came a Spider (2001),8,3.1470588235294117
Blow (2001),8,3.8137254901960786
Bridget Jones's Diary (2001),8,3.623076923076923
Scarface (1983),8,3.9328358208955225
"Mummy Returns, The (2001)",8,3.088888888888889
"Knight's Tale, A (2001)",8,3.341463414634146
Shrek (2001),8,3.8676470588235294
Moulin Rouge (2001),8,3.590909090909091
City Slickers (1991),8,3.370967741935484
Eight Men Out (1988),8,3.75
Mississippi Burning (1988),8,3.590909090909091
"Magnificent Seven, The (1960)",8,3.59375
Throw Momma from the Train (1987),8,3.2
Evolution (2001),8,3.037037037037037
Swordfish (2001),8,3.1029411764705883
Point Break (1991),8,3.25
Tootsie (1982),8,3.421875
Atlantis: The Lost Empire (2001),8,3.3421052631578947
"Fast and the Furious, The (2001)",8,3.066666666666667
A.I. Artificial Intelligence (2001),8,3.3392857142857144
Sexy Beast (2000),8,3.7142857142857144
Final Fantasy: The Spirits Within (2001),8,3.3548387096774195
Legally Blonde (2001),8,3.15625
"Score, The (2001)",8,3.55
"Adventures of Baron Munchausen, The (1988)",8,3.769230769230769
Coming to America (1988),8,3.4583333333333335
Dirty Rotten Scoundrels (1988),8,4.125
Short Circuit (1986),8,3.275
Bill & Ted's Excellent Adventure (1989),8,3.7
Major League (1989),8,3.575
Ghost World (2001),8,3.5
Hedwig and the Angry Inch (2000),8,4.181818181818182
Turner & Hooch (1989),8,3.0384615384615383
"Princess Diaries, The (2001)",8,3.037037037037037
Rush Hour 2 (2001),8,3.370967741935484
American Pie 2 (2001),8,3.066666666666667
"Others, The (2001)",8,3.6272727272727274
Rat Race (2001),8,3.0555555555555554
Jay and Silent Bob Strike Back (2001),8,3.161764705882353
Training Day (2001),8,3.7941176470588234
Little Man Tate (1991),8,3.35
"It's a Mad, Mad, Mad, Mad World (1963)",8,3.25
Zoolander (2001),8,3.509259259259259
Serendipity (2001),8,3.14
Mulholland Drive (2001),8,3.843137254901961
Dirty Harry (1971),8,3.775
From Hell (2001),8,3.65
Waking Life (2001),8,3.6842105263157894
K-PAX (2001),8,3.484848484848485
Donnie Darko (2001),8,3.981651376146789
"Man Who Wasn't There, The (2001)",8,3.735294117647059
"Monsters, Inc. (2001)",8,3.871212121212121
Shallow Hal (2001),8,3.032258064516129
Harry Potter and the Sorcerer's Stone (a.k.a. Harry Potter and the Philosopher's Stone) (2001),8,3.7616822429906542
Spy Game (2001),8,3.4814814814814814
"Devil's Backbone, The (Espinazo del diablo, El) (2001)",8,3.35
Ocean's Eleven (a.k.a. Ocean's 11) (1960),8,3.6363636363636362
Behind Enemy Lines (2001),8,3.25
Ocean's Eleven (2001),8,3.8445378151260505
No Man's Land (2001),8,4.1923076923076925
"Amelie (Fabuleux destin d'Amélie Poulain, Le) (2001)",8,4.183333333333334
Vanilla Sky (2001),8,3.4204545454545454
"Royal Tenenbaums, The (2001)",8,3.6838235294117645
Bill & Ted's Bogus Journey (1991),8,3.075
Kate & Leopold (2001),8,3.2058823529411766
"Lord of the Rings: The Fellowship of the Ring, The (2001)",8,4.106060606060606
"Majestic, The (2001)",8,3.5
"Beautiful Mind, A (2001)",8,4.0
Black Hawk Down (2001),8,3.81
Gosford Park (2001),8,3.7037037037037037
I Am Sam (2001),8,3.764705882352941
Monster's Ball (2001),8,3.3055555555555554
"Brotherhood of the Wolf (Pacte des loups, Le) (2001)",8,3.8214285714285716
48 Hrs. (1982),8,3.590909090909091
M*A*S*H (a.k.a. MASH) (1970),8,3.9347826086956523
The Count of Monte Cristo (2002),8,3.828125
"Mothman Prophecies, The (2002)",8,3.076923076923077
"Walk to Remember, A (2002)",8,3.5
Metropolis (2001),8,3.9615384615384617
"Sandlot, The (1993)",8,3.4375
Super Troopers (2001),8,3.6041666666666665
Monsoon Wedding (2001),8,3.8333333333333335
We Were Soldiers (2002),8,3.3333333333333335
Ice Age (2002),8,3.6882352941176473
Resident Evil (2002),8,3.0833333333333335
And Your Mother Too (Y tu mamá también) (2001),8,3.9523809523809526
Blade II (2002),8,3.2058823529411766
Death to Smoochy (2002),8,3.3181818181818183
"Rookie, The (2002)",8,3.2916666666666665
Rashomon (Rashômon) (1950),8,3.9444444444444446
Frailty (2001),8,3.8636363636363638
My Big Fat Greek Wedding (2002),8,3.2666666666666666
"Salton Sea, The (2002)",8,3.35
Spider-Man (2002),8,3.540983606557377
About a Boy (2002),8,3.715909090909091
Star Wars: Episode II - Attack of the Clones (2002),8,3.157608695652174
"Importance of Being Earnest, The (2002)",8,3.85
Insomnia (2002),8,3.303030303030303
"Bourne Identity, The (2002)",8,3.8169642857142856
Lilo & Stitch (2002),8,3.810344827586207
Minority Report (2002),8,3.6375
Road to Perdition (2002),8,3.520408163265306
Top Secret! (1984),8,4.2
Signs (2002),8,3.1666666666666665
"Good Girl, The (2002)",8,3.2083333333333335
One Hour Photo (2002),8,3.473684210526316
Hot Shots! (1991),8,3.1333333333333333
"Transporter, The (2002)",8,3.519230769230769
Igby Goes Down (2002),8,3.6666666666666665
"Das Experiment (Experiment, The) (2001)",8,3.8636363636363638
Secretary (2002),8,3.9
Spirited Away (Sen to Chihiro no kamikakushi) (2001),8,4.155172413793103
Sweet Home Alabama (2002),8,3.0535714285714284
Red Dragon (2002),8,3.435483870967742
Strange Brew (1983),8,3.5454545454545454
Bowling for Columbine (2002),8,3.7758620689655173
Punch-Drunk Love (2002),8,3.621212121212121
"Ring, The (2002)",8,3.202127659574468
Grave of the Fireflies (Hotaru no haka) (1988),8,4.15625
Saturday Night Fever (1977),8,3.3181818181818183
"Professional, The (Le professionnel) (1981)",8,3.8684210526315788
Jackass: The Movie (2002),8,3.5
Frida (2002),8,3.78125
8 Mile (2002),8,3.292682926829268
Far from Heaven (2002),8,3.8636363636363638
Harry Potter and the Chamber of Secrets (2002),8,3.5980392156862746
Talk to Her (Hable con Ella) (2002),8,4.035714285714286
Solaris (2002),8,3.075
Adaptation (2002),8,3.9456521739130435
Equilibrium (2002),8,3.875
Star Trek: Nemesis (2002),8,3.1052631578947367
About Schmidt (2002),8,3.173076923076923
"Lord of the Rings: The Two Towers, The (2002)",8,4.0212765957446805
25th Hour (2002),8,3.840909090909091
Gangs of New York (2002),8,3.518181818181818
Two Weeks Notice (2002),8,3.263157894736842
My Girl (1991),8,3.2
My Neighbor Totoro (Tonari no Totoro) (1988),8,3.9594594594594597
Catch Me If You Can (2002),8,3.9217391304347826
Chicago (2002),8,3.7244897959183674
"Hours, The (2002)",8,3.7
"Pianist, The (2002)",8,4.108695652173913
Confessions of a Dangerous Mind (2002),8,3.6
City of God (Cidade de Deus) (2002),8,4.1466666666666665
Final Destination 2 (2003),8,3.05
"Recruit, The (2003)",8,3.3529411764705883
How to Lose a Guy in 10 Days (2003),8,3.2758620689655173
Shanghai Knights (2003),8,3.210526315789474
Old School (2003),8,3.5128205128205128
Bend It Like Beckham (2002),8,3.3
Ringu (Ring) (1998),8,3.4545454545454546
Phone Booth (2002),8,3.140625
Cowboy Bebop: The Movie (Cowboy Bebop: Tengoku no Tobira) (2001),8,3.9
Anger Management (2003),8,3.0588235294117645
"Mighty Wind, A (2003)",8,3.75
Holes (2003),8,3.425
Fahrenheit 451 (1966),8,3.6
Identity (2003),8,3.6818181818181817
Spellbound (2002),8,3.923076923076923
X2: X-Men United (2003),8,3.723684210526316
Laputa: Castle in the Sky (Tenkû no shiro Rapyuta) (1986),8,4.0625
"Matrix Reloaded, The (2003)",8,3.3541666666666665
Bruce Almighty (2003),8,3.316901408450704
Finding Nemo (2003),8,3.9609929078014185
"Italian Job, The (2003)",8,3.6186440677966103
Whale Rider (2002),8,3.75
Barton Fink (1991),8,4.035714285714286
28 Days Later (2002),8,3.9741379310344827
Terminator 3: Rise of the Machines (2003),8,3.0444444444444443
Pirates of the Caribbean: The Curse of the Black Pearl (2003),8,3.778523489932886
Dirty Pretty Things (2002),8,3.625
Seabiscuit (2003),8,3.6944444444444446
American Wedding (American Pie 3) (2003),8,3.09375
Freaky Friday (2003),8,3.2083333333333335
S.W.A.T. (2003),8,3.3214285714285716
Shaolin Soccer (Siu lam juk kau) (2001),8,3.823529411764706
American Splendor (2003),8,3.8333333333333335
Tremors (1990),8,3.4375
"Pink Panther, The (1963)",8,3.4545454545454546
Matchstick Men (2003),8,3.7205882352941178
Once Upon a Time in Mexico (2003),8,3.2142857142857144
Lost in Translation (2003),8,4.033783783783784
Secondhand Lions (2003),8,3.5
Underworld (2003),8,3.5
Bubba Ho-tep (2002),8,3.3214285714285716
"Rundown, The (2003)",8,3.1470588235294117
"Triplets of Belleville, The (Les triplettes de Belleville) (2003)",8,3.7045454545454546
All the President's Men (1976),8,4.018518518518518
Boyz N the Hood (1991),8,3.7222222222222223
Monty Python's The Meaning of Life (1983),8,3.95
Ninja Scroll (Jûbei ninpûchô) (1995),8,3.769230769230769
School of Rock (2003),8,3.4015151515151514
"Station Agent, The (2003)",8,3.5833333333333335
Mystic River (2003),8,3.7115384615384617
Intolerable Cruelty (2003),8,3.175
Kill Bill: Vol. 1 (2003),8,3.9618320610687023
Runaway Jury (2003),8,3.4411764705882355
"Italian Job, The (1969)",8,3.85
"Matrix Revolutions, The (2003)",8,3.151898734177215
Elf (2003),8,3.6923076923076925
Love Actually (2003),8,3.788135593220339
Father of the Bride (1991),8,3.5
Master and Commander: The Far Side of the World (2003),8,3.638888888888889
21 Grams (2003),8,3.3
Bad Santa (2003),8,3.3653846153846154
WarGames (1983),8,3.3095238095238093
Hannah and Her Sisters (1986),8,3.769230769230769
Battle Royale (Batoru rowaiaru) (2000),8,3.933333333333333
Hero (Ying xiong) (2002),8,3.9210526315789473
Nausicaä of the Valley of the Wind (Kaze no tani no Naushika) (1984),8,4.0
"Cooler, The (2003)",8,3.55
"Last Samurai, The (2003)",8,3.903225806451613
Big Fish (2003),8,3.8333333333333335
Something's Gotta Give (2003),8,3.6470588235294117
Girl with a Pearl Earring (2003),8,3.375
"Lord of the Rings: The Return of the King, The (2003)",8,4.118918918918919
"Fog of War: Eleven Lessons from the Life of Robert S. McNamara, The (2003)",8,4.3076923076923075
Monster (2003),8,3.5294117647058822
Cold Mountain (2003),8,3.2916666666666665
Along Came Polly (2004),8,3.0416666666666665
Chitty Chitty Bang Bang (1968),8,3.4545454545454546
The Butterfly Effect (2004),8,3.630434782608696
Miracle (2004),8,3.35
"Dreamers, The (2003)",8,3.730769230769231
50 First Dates (2004),8,3.5531914893617023
EuroTrip (2004),8,3.1333333333333333
"Good bye, Lenin! (2003)",8,3.8043478260869565
Hidalgo (2004),8,3.3181818181818183
Starsky & Hutch (2004),8,3.2857142857142856
"Girl Next Door, The (2004)",8,3.125
Secret Window (2004),8,3.3
Dawn of the Dead (2004),8,3.90625
Eternal Sunshine of the Spotless Mind (2004),8,4.1603053435114505
Dogville (2003),8,4.025
Hellboy (2004),8,3.3780487804878048
Dawn of the Dead (1978),8,3.975
Kill Bill: Vol. 2 (2004),8,3.868181818181818
"Punisher, The (2004)",8,3.5
13 Going on 30 (2004),8,3.1904761904761907
Man on Fire (2004),8,3.6285714285714286
Mean Girls (2004),8,3.7564102564102564
Troy (2004),8,3.4270833333333335
Enter the Dragon (1973),8,4.038461538461538
You Only Live Twice (1967),8,3.8333333333333335
"Spring, Summer, Fall, Winter... and Spring (Bom yeoreum gaeul gyeoul geurigo bom) (2003)",8,4.25
"Maltese Falcon, The (a.k.a. Dangerous Female) (1931)",8,3.6176470588235294
Shrek 2 (2004),8,3.5760869565217392
"Day After Tomorrow, The (2004)",8,3.05
Saved! (2004),8,3.892857142857143
Harry Potter and the Prisoner of Azkaban (2004),8,3.913978494623656
"Blind Swordsman: Zatoichi, The (Zatôichi) (2003)",8,3.9583333333333335
"Chronicles of Riddick, The (2004)",8,3.3043478260869565
Napoleon Dynamite (2004),8,3.324324324324324
Super Size Me (2004),8,3.51
Dodgeball: A True Underdog Story (2004),8,3.551282051282051
"Terminal, The (2004)",8,3.3191489361702127
"Notebook, The (2004)",8,3.5657894736842106
Fahrenheit 9/11 (2004),8,3.4864864864864864
Roxanne (1987),8,3.272727272727273
Spider-Man 2 (2004),8,3.8037974683544302
Before Sunset (2004),8,3.7
Anchorman: The Legend of Ron Burgundy (2004),8,3.7719298245614037
"I, Robot (2004)",8,3.4918032786885247
"Bourne Supremacy, The (2004)",8,3.7866666666666666
"Manchurian Candidate, The (2004)",8,3.0416666666666665
"Village, The (2004)",8,3.1923076923076925
Garden State (2004),8,3.7083333333333335
Collateral (2004),8,3.7613636363636362
Harold and Kumar Go to White Castle (2004),8,3.4558823529411766
"Motorcycle Diaries, The (Diarios de motocicleta) (2004)",8,3.7962962962962963
Shaun of the Dead (2004),8,4.0064935064935066
I Heart Huckabees (2004),8,3.4523809523809526
Primer (2004),8,3.7941176470588234
Team America: World Police (2004),8,3.46875
Sideways (2004),8,3.7435897435897436
The Machinist (2004),8,3.986842105263158
Saw (2004),8,3.1818181818181817
Ray (2004),8,3.6842105263157894
"Incredibles, The (2004)",8,3.836
"Polar Express, The (2004)",8,3.1363636363636362
Bridget Jones: The Edge of Reason (2004),8,3.025
Finding Neverland (2004),8,3.609375
National Treasure (2004),8,3.263157894736842
Closer (2004),8,3.71875
House of Flying Daggers (Shi mian mai fu) (2004),8,3.52
Ocean's Twelve (2004),8,3.2906976744186047
Kiki's Delivery Service (Majo no takkyûbin) (1989),4,4.0588235294117645
Porco Rosso (Crimson Pig) (Kurenai no buta) (1992),4,3.892857142857143
Battlestar Galactica (2003),4,3.8157894736842106
"Animatrix, The (2003)",4,3.7
Lemony Snicket's A Series of Unfortunate Events (2004),4,3.16
Old Boy (2003),4,4.089743589743589
Ong-Bak: The Thai Warrior (Ong Bak) (2003),4,4.0
Spanglish (2004),4,3.3636363636363638
"Chorus, The (Choristes, Les) (2004)",4,3.909090909090909
Layer Cake (2004),4,3.8157894736842106
"Corporation, The (2003)",4,3.9
"Scanner Darkly, A (2006)",4,3.6136363636363638
Million Dollar Baby (2004),4,3.8461538461538463
Hotel Rwanda (2004),4,3.7916666666666665
"Life Aquatic with Steve Zissou, The (2004)",4,3.4864864864864864
"Aviator, The (2004)",4,3.5285714285714285
"Phantom of the Opera, The (2004)",4,3.1666666666666665
In Good Company (2004),4,3.4545454545454546
Meet the Fockers (2004),4,3.106060606060606
"Downfall (Untergang, Der) (2004)",4,3.875
"Wedding Date, The (2005)",4,3.1363636363636362
Howl's Moving Castle (Hauru no ugoku shiro) (2004),4,4.075
Hitch (2005),4,3.1666666666666665
Constantine (2005),4,3.4714285714285715
Kung Fu Hustle (Gong fu) (2004),4,3.5789473684210527
Hostage (2005),4,3.05
Robots (2005),4,3.026315789473684
Sin City (2005),4,3.857142857142857
"Hitchhiker's Guide to the Galaxy, The (2005)",4,3.4204545454545454
Kingdom of Heaven (2005),4,3.5
Crash (2004),4,3.89
Star Wars: Episode III - Revenge of the Sith (2005),4,3.4294871794871793
Madagascar (2005),4,3.375
Cinderella Man (2005),4,4.088235294117647
Mr. & Mrs. Smith (2005),4,3.2796610169491527
Batman Begins (2005),4,3.8620689655172415
War of the Worlds (2005),4,3.15
"March of the Penguins (Marche de l'empereur, La) (2005)",4,3.5555555555555554
Wedding Crashers (2005),4,3.5086206896551726
"Island, The (2005)",4,3.3548387096774195
"Aristocrats, The (2005)",4,3.35
Serenity (2005),4,3.94
Broken Flowers (2005),4,3.4761904761904763
"40-Year-Old Virgin, The (2005)",4,3.5472972972972974
"Constant Gardener, The (2005)",4,3.4615384615384617
Transporter 2 (2005),4,3.21875
Lord of War (2005),4,3.7142857142857144
Family Guy Presents Stewie Griffin: The Untold Story (2005),4,3.7083333333333335
Waiting... (2005),4,3.269230769230769
Corpse Bride (2005),4,3.534090909090909
"History of Violence, A (2005)",4,3.5
Capote (2005),4,3.869565217391304
Final Fantasy VII: Advent Children (2004),4,3.55
Wallace & Gromit in The Curse of the Were-Rabbit (2005),4,3.6333333333333333
Kiss Kiss Bang Bang (2005),4,4.071428571428571
Brokeback Mountain (2005),7,3.5588235294117645
"Good Night, and Good Luck. (2005)",7,3.775
Jarhead (2005),7,3.676470588235294
Syriana (2005),7,3.53125
Pride & Prejudice (2005),7,3.5555555555555554
"Descent, The (2005)",7,3.5454545454545454
Harry Potter and the Goblet of Fire (2005),7,3.816901408450704
Walk the Line (2005),7,3.7564102564102564
Rent (2005),7,3.15
Match Point (2005),7,3.4411764705882355
"Chronicles of Narnia: The Lion, the Witch and the Wardrobe, The (2005)",7,3.443548387096774
King Kong (2005),7,3.4
Memoirs of a Geisha (2005),7,3.5833333333333335
Munich (2005),7,3.8095238095238093
Underworld: Evolution (2006),7,3.09375
Ice Age 2: The Meltdown (2006),7,3.217391304347826
V for Vendetta (2006),7,3.885
Thank You for Smoking (2006),7,4.027777777777778
Inside Man (2006),7,3.8
"Lives of Others, The (Das leben der Anderen) (2006)",7,4.117647058823529
Lucky Number Slevin (2006),7,3.8552631578947367
Brick (2005),7,3.875
Hard Candy (2005),7,3.5
Mission: Impossible III (2006),7,3.5892857142857144
Over the Hedge (2006),7,3.4285714285714284
"Da Vinci Code, The (2006)",7,3.122448979591837
X-Men: The Last Stand (2006),7,3.355769230769231
Cars (2006),7,3.3780487804878048
"Lake House, The (2006)",7,3.1
"Devil Wears Prada, The (2006)",7,3.5588235294117645
Pirates of the Caribbean: Dead Man's Chest (2006),7,3.5069444444444446
Clerks II (2006),7,3.8846153846153846
Marie Antoinette (2006),7,3.1923076923076925
"Inconvenient Truth, An (2006)",7,3.576923076923077
Superman Returns (2006),7,3.08
Little Miss Sunshine (2006),7,3.883116883116883
Babel (2006),7,3.5
Talladega Nights: The Ballad of Ricky Bobby (2006),7,3.25
Night at the Museum (2006),7,3.239130434782609
Stranger than Fiction (2006),7,3.6931818181818183
"Pursuit of Happyness, The (2006)",7,3.7934782608695654
Crank (2006),7,3.4285714285714284
"Illusionist, The (2006)",7,3.7790697674418605
The Queen (2006),7,3.730769230769231
Idiocracy (2006),7,3.7222222222222223
"Fountain, The (2006)",7,3.5
"Science of Sleep, The (La science des rêves) (2006)",7,3.8636363636363638
Apocalypto (2006),7,3.6052631578947367
Borat: Cultural Learnings of America for Make Benefit Glorious Nation of Kazakhstan (2006),7,3.3461538461538463
"Pan's Labyrinth (Laberinto del fauno, El) (2006)",7,3.814814814814815
"Departed, The (2006)",7,4.252336448598131
"Last King of Scotland, The (2006)",7,3.975
Children of Men (2006),7,3.9453125
"Prestige, The (2006)",7,4.0055555555555555
Flags of Our Fathers (2006),7,3.4545454545454546
Saw III (2006),7,3.0454545454545454
Casino Royale (2006),7,3.9444444444444446
Déjà Vu (Deja Vu) (2006),7,3.3
"Holiday, The (2006)",7,3.2083333333333335
Blood Diamond (2006),7,3.7641509433962264
Rocky Balboa (2006),7,3.3214285714285716
Letters from Iwo Jima (2006),7,3.7058823529411766
Smokin' Aces (2006),10,3.1
Ratatouille (2007),10,3.8680555555555554
Music and Lyrics (2007),10,3.1
Hot Fuzz (2007),10,4.0
Zodiac (2007),10,3.710526315789474
300 (2007),10,3.68125
Shooter (2007),10,3.86
Blades of Glory (2007),10,3.088235294117647
Grindhouse (2007),10,3.425925925925926
Meet the Robinsons (2007),10,3.5454545454545454
Sunshine (2007),10,3.642857142857143
How the Grinch Stole Christmas! (1966),10,3.590909090909091
Disturbia (2007),10,3.15
Fracture (2007),10,3.6666666666666665
Knocked Up (2007),10,3.6538461538461537
Hairspray (2007),10,3.5
28 Weeks Later (2007),10,3.5952380952380953
Shrek the Third (2007),10,3.0238095238095237
Pirates of the Caribbean: At World's End (2007),10,3.4375
Ocean's Thirteen (2007),10,3.484848484848485
Death Proof (2007),10,3.1346153846153846
Sicko (2007),10,3.7142857142857144
1408 (2007),10,3.16
Live Free or Die Hard (2007),10,3.40625
Transformers (2007),10,3.3461538461538463
Harry Potter and the Order of the Phoenix (2007),10,3.8620689655172415
I Now Pronounce You Chuck and Larry (2007),10,3.4545454545454546
Across the Universe (2007),10,4.045454545454546
Stardust (2007),10,3.6029411764705883
"Simpsons Movie, The (2007)",10,3.619565217391304
"Bourne Ultimatum, The (2007)",10,3.697530864197531
Superbad (2007),10,3.8636363636363638
"King of Kong, The (2007)",10,3.9166666666666665
Planet Terror (2007),10,3.7954545454545454
3:10 to Yuma (2007),10,4.06
Shoot 'Em Up (2007),10,3.4583333333333335
Atonement (2007),10,3.5384615384615383
Eastern Promises (2007),10,4.026315789473684
Into the Wild (2007),10,3.902439024390244
"Darjeeling Limited, The (2007)",10,3.4285714285714284
Michael Clayton (2007),10,3.911764705882353
30 Days of Night (2007),10,3.1818181818181817
Gone Baby Gone (2007),10,3.45
"Assassination of Jesse James by the Coward Robert Ford, The (2007)",10,4.1
Persepolis (2007),10,4.181818181818182
Elite Squad (Tropa de Elite) (2007),10,4.3
American Gangster (2007),10,3.9054054054054053
Bee Movie (2007),10,3.15
No Country for Old Men (2007),10,3.8984375
Be Kind Rewind (2008),10,3.4
"Mist, The (2007)",10,3.4285714285714284
Enchanted (2007),10,3.676470588235294
"Golden Compass, The (2007)",10,3.111111111111111
I Am Legend (2007),10,3.4838709677419355
Futurama: Bender's Big Score (2007),10,3.9
Juno (2007),10,3.769230769230769
"Bucket List, The (2007)",10,3.230769230769231
Sweeney Todd: The Demon Barber of Fleet Street (2007),10,3.716666666666667
National Treasure: Book of Secrets (2007),10,3.0416666666666665
There Will Be Blood (2007),10,4.142857142857143
P.S. I Love You (2007),10,3.090909090909091
27 Dresses (2008),10,3.3
Cloverfield (2008),10,3.3518518518518516
"Girl Who Leapt Through Time, The (Toki o kakeru shôjo) (2006)",10,4.1
Hellboy II: The Golden Army (2008),10,3.8055555555555554
In Bruges (2008),10,4.158536585365853
"Definitely, Maybe (2008)",10,3.4285714285714284
"Bank Job, The (2008)",10,3.6153846153846154
"Dark Knight, The (2008)",10,4.238255033557047
21 (2008),10,3.75
Forgetting Sarah Marshall (2008),10,3.769230769230769
Harold & Kumar Escape from Guantanamo Bay (2008),10,3.3076923076923075
Baby Mama (2008),10,3.1363636363636362
Iron Man (2008),10,3.824468085106383
Taken (2008),10,3.619047619047619
"Fall, The (2006)",10,3.9545454545454546
"Chronicles of Narnia: Prince Caspian, The (2008)",10,3.5416666666666665
Kung Fu Panda (2008),10,3.4444444444444446
"Incredible Hulk, The (2008)",10,3.1714285714285713
WALL·E (2008),10,4.0576923076923075
Wanted (2008),10,3.159090909090909
Hancock (2008),10,3.0344827586206895
Get Smart (2008),10,3.46875
Watchmen (2009),10,3.988372093023256
Step Brothers (2008),10,3.5535714285714284
Vicky Cristina Barcelona (2008),10,3.09375
Pineapple Express (2008),10,3.6774193548387095
Tropic Thunder (2008),10,3.5
Let the Right One In (Låt den rätte komma in) (2008),10,3.911764705882353
Burn After Reading (2008),10,3.4871794871794872
Nick and Norah's Infinite Playlist (2008),0,3.35
Body of Lies (2008),0,3.772727272727273
Zack and Miri Make a Porno (2008),0,3.5238095238095237
RocknRolla (2008),0,3.769230769230769
Madagascar: Escape 2 Africa (2008),0,3.6923076923076925
Slumdog Millionaire (2008),0,3.8098591549295775
Quantum of Solace (2008),0,3.4571428571428573
Role Models (2008),0,3.625
Bolt (2008),0,3.388888888888889
Milk (2008),0,3.5454545454545454
Gran Torino (2008),0,3.9456521739130435
Seven Pounds (2008),0,4.136363636363637
"Wrestler, The (2008)",0,3.735294117647059
"Curious Case of Benjamin Button, The (2008)",0,3.5945945945945947
Yes Man (2008),0,3.6176470588235294
Valkyrie (2008),0,3.409090909090909
Bedtime Stories (2008),0,3.3636363636363638
Marley & Me (2008),0,3.142857142857143
Ponyo (Gake no ue no Ponyo) (2008),0,4.0
Ip Man (2008),0,3.95
Coraline (2009),0,3.7
Dr. Horrible's Sing-Along Blog (2008),0,3.9166666666666665
"I Love You, Man (2009)",0,3.5294117647058822
"Girl with the Dragon Tattoo, The (Män som hatar kvinnor) (2009)",0,3.94
Adventureland (2009),0,3.3333333333333335
"Fast & Furious (Fast and the Furious 4, The) (2009)",0,3.25
17 Again (2009),0,3.55
Inglourious Basterds (2009),0,4.136363636363637
Moon (2009),0,3.96875
Star Trek (2009),0,3.864406779661017
Angels & Demons (2009),0,3.264705882352941
Terminator Salvation (2009),0,3.25
Night at the Museum: Battle of the Smithsonian (2009),0,3.1
Up (2009),0,4.004761904761905
"Hangover, The (2009)",0,3.6315789473684212
"Proposal, The (2009)",0,3.5
"Hurt Locker, The (2008)",0,4.0588235294117645
(500) Days of Summer (2009),0,3.6666666666666665
Brüno (Bruno) (2009),0,3.65
Harry Potter and the Half-Blood Prince (2009),0,3.8879310344827585
"Imaginarium of Doctor Parnassus, The (2009)",0,3.8125
"Ugly Truth, The (2009)",0,3.6666666666666665
District 9 (2009),0,3.776923076923077
9 (2009),0,3.642857142857143
Cloudy with a Chance of Meatballs (2009),0,3.5294117647058822
"Serious Man, A (2009)",0,3.227272727272727
Surrogates (2009),0,3.0357142857142856
Zombieland (2009),0,3.8773584905660377
Mary and Max (2009),0,4.2
Up in the Air (2009),0,3.71875
Fantastic Mr. Fox (2009),0,4.083333333333333
"Blind Side, The  (2009)",0,3.6774193548387095
"Princess and the Frog, The (2009)",0,3.75
Avatar (2009),0,3.6030927835051547
Sherlock Holmes (2009),0,3.853448275862069
"Book of Eli, The (2010)",0,3.28125
Shutter Island (2010),0,4.022388059701493
Hot Tub Time Machine (2010),11,3.3
How to Train Your Dragon (2010),11,3.943396226415094
Kick-Ass (2010),11,3.6511627906976742
Date Night (2010),11,3.3181818181818183
Exit Through the Gift Shop (2010),11,4.038461538461538
Iron Man 2 (2010),11,3.5106382978723403
Get Him to the Greek (2010),11,3.55
"A-Team, The (2010)",11,3.1470588235294117
Toy Story 3 (2010),11,4.109090909090909
Predators (2010),11,3.3
Despicable Me (2010),11,3.6842105263157894
Inception (2010),11,4.066433566433567
Grown Ups (2010),11,3.45
"Sorcerer's Apprentice, The (2010)",11,3.45
"Other Guys, The (2010)",11,3.261904761904762
"Expendables, The (2010)",11,3.0588235294117645
Scott Pilgrim vs. the World (2010),11,3.7045454545454546
Machete (2010),11,3.25
"Social Network, The (2010)",11,3.8859649122807016
"Town, The (2010)",11,3.9545454545454546
Easy A (2010),11,3.7962962962962963
Inside Job (2010),11,4.291666666666667
Red (2010),11,3.5
Due Date (2010),11,3.1
127 Hours (2010),11,3.8333333333333335
Megamind (2010),11,3.6
Black Swan (2010),11,3.630952380952381
Harry Potter and the Deathly Hallows: Part 1 (2010),11,3.9893617021276597
"King's Speech, The (2010)",11,4.043103448275862
Tangled (2010),11,3.9166666666666665
"Fighter, The (2010)",11,3.760869565217391
True Grit (2010),11,3.75
Tron: Legacy (2010),11,3.236842105263158
Tucker & Dale vs Evil (2010),11,3.9166666666666665
Limitless (2011),11,3.95
"Lincoln Lawyer, The (2011)",11,3.6
Paul (2011),11,3.2
Rango (2011),11,3.6176470588235294
"Adjustment Bureau, The (2011)",11,3.1666666666666665
Source Code (2011),11,3.6029411764705883
Sucker Punch (2011),11,3.125
Hanna (2011),11,3.3181818181818183
Thor (2011),11,3.514705882352941
"Fast Five (Fast and the Furious 5, The) (2011)",11,3.05
Bridesmaids (2011),11,3.761904761904762
Pirates of the Caribbean: On Stranger Tides (2011),11,3.2291666666666665
Midnight in Paris (2011),11,3.56
"Hangover Part II, The (2011)",11,3.2666666666666666
Kung Fu Panda 2 (2011),11,3.323529411764706
X-Men: First Class (2011),11,3.7906976744186047
Super 8 (2011),11,3.5952380952380953
Horrible Bosses (2011),5,3.4375
Harry Potter and the Deathly Hallows: Part 2 (2011),5,3.91
Drive (2011),5,3.765625
Captain America: The First Avenger (2011),5,3.546875
"Crazy, Stupid, Love. (2011)",5,3.9838709677419355
Friends with Benefits (2011),5,3.05
Rise of the Planet of the Apes (2011),5,3.462962962962963
"Help, The (2011)",5,3.8333333333333335
Contagion (2011),5,3.7083333333333335
Moneyball (2011),5,3.8846153846153846
"Avengers, The (2012)",5,3.869565217391304
Warrior (2011),5,3.727272727272727
50/50 (2011),5,3.6315789473684212
The Artist (2011),5,4.045454545454546
In Time (2011),5,3.392857142857143
"Adventures of Tintin, The (2011)",5,3.5
Hugo (2011),5,3.75
"Descendants, The (2011)",5,4.0
"Expendables 2, The (2012)",5,3.5
The Hunger Games (2012),5,3.435185185185185
"Dark Knight Rises, The (2012)",5,3.9934210526315788
"Bourne Legacy, The (2012)",5,3.138888888888889
Sherlock Holmes: A Game of Shadows (2011),5,3.763157894736842
Mission: Impossible - Ghost Protocol (2011),5,3.659090909090909
"Girl with the Dragon Tattoo, The (2011)",5,3.488095238095238
Intouchables (2011),5,4.108108108108108
Louis C.K.: Live at the Beacon Theater (2011),5,4.3
John Carter (2012),5,3.090909090909091
21 Jump Street (2012),5,3.8653846153846154
"Cabin in the Woods, The (2012)",5,4.0227272727272725
"Dictator, The (2012)",5,3.5588235294117645
Men in Black III (M.III.B.) (M.I.B.³) (2012),5,3.2777777777777777
Prometheus (2012),5,3.2962962962962963
Moonrise Kingdom (2012),5,3.7758620689655173
Brave (2012),5,3.466666666666667
Ted (2012),5,3.2857142857142856
"Amazing Spider-Man, The (2012)",5,3.25
Skyfall (2012),5,3.81
Pitch Perfect (2012),5,3.625
Looper (2012),5,3.640625
Dredd (2012),5,3.7142857142857144
"Perks of Being a Wallflower, The (2012)",5,3.825
"Hunt, The (Jagten) (2012)",5,4.3
Hotel Transylvania (2012),5,3.409090909090909
Argo (2012),5,3.982142857142857
Seven Psychopaths (2012),5,3.466666666666667
Cloud Atlas (2012),5,3.736842105263158
Wreck-It Ralph (2012),5,3.75
Silver Linings Playbook (2012),5,3.716666666666667
Life of Pi (2012),5,3.629032258064516
Rise of the Guardians (2012),5,3.7916666666666665
"Hobbit: An Unexpected Journey, The (2012)",5,3.8125
Zero Dark Thirty (2012),5,4.107142857142857
Warm Bodies (2013),5,3.5
Jack Reacher (2012),5,3.4166666666666665
Django Unchained (2012),5,3.943661971830986
Oblivion (2013),3,3.3
This Is the End (2013),3,3.2142857142857144
Iron Man 3 (2013),3,3.5625
"Great Gatsby, The (2013)",3,3.375
Star Trek Into Darkness (2013),3,3.685185185185185
"Internship, The (2013)",3,3.55
Now You See Me (2013),3,3.409090909090909
Man of Steel (2013),3,3.2954545454545454
Monsters University (2013),3,3.875
Pacific Rim (2013),3,3.607142857142857
World War Z (2013),3,3.026315789473684
Elysium (2013),3,3.3125
Despicable Me 2 (2013),3,3.5789473684210527
"World's End, The (2013)",3,3.4166666666666665
"Wolverine, The (2013)",3,3.375
We're the Millers (2013),3,3.738095238095238
Kick-Ass 2 (2013),3,3.4545454545454546
About Time (2013),3,3.933333333333333
Gravity (2013),3,3.578125
Prisoners (2013),3,4.15625
Rush (2013),3,3.8181818181818183
Captain Phillips (2013),3,4.0476190476190474
12 Years a Slave (2013),3,3.625
Ender's Game (2013),3,3.4375
Thor: The Dark World (2013),3,3.3095238095238093
Dallas Buyers Club (2013),3,3.9705882352941178
The Hunger Games: Catching Fire (2013),3,3.6346153846153846
"Hobbit: The Desolation of Smaug, The (2013)",3,3.58
Frozen (2013),3,3.6206896551724137
"Wolf of Wall Street, The (2013)",3,3.9166666666666665
American Hustle (2013),3,3.25
"Secret Life of Walter Mitty, The (2013)",3,4.0
Her (2013),3,3.92
Anchorman 2: The Legend Continues (2013),3,3.3636363636363638
Snowpiercer (2013),3,3.4285714285714284
The Lego Movie (2014),3,3.870967741935484
"Grand Budapest Hotel, The (2014)",3,3.7788461538461537
Interstellar (2014),3,3.993150684931507
Captain America: The Winter Soldier (2014),3,3.7419354838709675
Neighbors (2014),3,3.2916666666666665
X-Men: Days of Future Past (2014),3,3.8333333333333335
Edge of Tomorrow (2014),3,3.977272727272727
Mission: Impossible - Rogue Nation (2015),3,3.6470588235294117
22 Jump Street (2014),3,3.6842105263157894
How to Train Your Dragon 2 (2014),3,3.7666666666666666
Birdman: Or (The Unexpected Virtue of Ignorance) (2014),3,3.3461538461538463
Boyhood (2014),3,3.823529411764706
Whiplash (2014),3,4.0394736842105265
Gone Girl (2014),3,3.7162162162162162
Dawn of the Planet of the Apes (2014),3,3.433333333333333
Guardians of the Galaxy (2014),3,4.0508474576271185
American Sniper (2014),9,3.8
Predestination (2014),9,3.9
John Wick (2014),9,3.8448275862068964
Fury (2014),9,3.769230769230769
Nightcrawler (2014),9,4.166666666666667
Big Hero 6 (2014),9,3.8536585365853657
Ex Machina (2015),9,3.9107142857142856
The Imitation Game (2014),9,4.02
The Hunger Games: Mockingjay - Part 1 (2014),9,3.869565217391304
Wild Tales (2014),9,4.25
The Theory of Everything (2014),9,3.7058823529411766
Jurassic World (2015),9,3.260869565217391
Horrible Bosses 2 (2014),9,3.6363636363636362
The Hobbit: The Battle of the Five Armies (2014),9,3.4166666666666665
The Interview (2014),9,3.4583333333333335
Kingsman: The Secret Service (2015),9,3.986111111111111
Chappie (2015),9,3.25
Mad Max: Fury Road (2015),9,3.8191489361702127
Star Wars: Episode VII - The Force Awakens (2015),9,3.8536585365853657
Avengers: Age of Ultron (2015),9,3.5185185185185186
Ant-Man (2015),9,3.7222222222222223
Deadpool (2016),9,3.8333333333333335
Black Panther (2017),9,3.727272727272727
Avengers: Infinity War - Part I (2018),9,4.0
Thor: Ragnarok (2017),9,4.025
Guardians of the Galaxy 2 (2017),9,3.925925925925926
Captain America: Civil War (2016),9,3.6136363636363638
Doctor Strange (2016),9,3.7045454545454546
X-Men: Apocalypse (2016),9,3.0714285714285716
Untitled Spider-Man Reboot (2017),9,4.15625
The Hateful Eight (2015),9,3.75
Focus (2015),9,3.25
The Martian (2015),2,4.0
Spy (2015),2,3.6875
Trainwreck (2015),2,3.2
Inside Out (2015),2,3.813953488372093
The Hunger Games: Mockingjay - Part 2 (2015),2,3.7
Fantastic Beasts and Where to Find Them (2016),2,3.6785714285714284
Star Trek Beyond (2016),2,3.466666666666667
Minions (2015),2,3.1666666666666665
Spectre (2015),2,3.0588235294117645
The Jungle Book (2016),2,3.6363636363636362
The Man from U.N.C.L.E. (2015),2,3.4722222222222223
The Revenant (2015),2,3.903225806451613
Sicario (2015),2,3.5454545454545454
The Intern (2015),2,3.6538461538461537
Spotlight (2015),2,4.157894736842105
Wonder Woman (2017),2,3.3076923076923075
"Big Short, The (2015)",2,3.9615384615384617
Sherlock: The Abominable Bride (2016),2,3.85
10 Cloverfield Lane (2016),2,3.6785714285714284
Zootopia (2016),2,3.890625
Finding Dory (2016),6,3.576923076923077
The Nice Guys (2016),6,3.8333333333333335
Now You See Me 2 (2016),6,3.6363636363636362
Arrival (2016),6,3.980769230769231
Moana (2016),6,3.45
Rogue One: A Star Wars Story (2016),6,3.925925925925926
Hidden Figures (2016),6,3.8
Get Out (2017),6,3.6333333333333333
Logan (2017),6,4.28
Dunkirk (2017),6,3.423076923076923
Blade Runner 2049 (2017),6,3.8055555555555554
Coco (2017),6,3.5384615384615383
Star Wars: The Last Jedi (2017),6,3.125
Deadpool 2 (2018),6,3.875
